Protein,Position,Id,composition,Toucan,AminoAcid,Pmid
P02787,158,1478,Hex:5 HexNAc:4,,Asn,29741879
P02787,158,1392,Hex:4 HexNAc:4 NeuAc:1,,Asn,29741879
P02787,158,1524,Hex:4 HexNAc:4 dHex:2,,Asn,29741879
P02787,158,614,Hex:5 HexNAc:4 NeuAc:1,,Asn,29741879
P02787,158,399,Hex:6 HexNAc:5,,Asn,29741879
P02787,158,8492,Hex:4 HexNAc:6 dHex:1,,Asn,29741879
P02787,158,1063,Hex:5 HexNAc:4 dHex:1 NeuAc:1,,Asn,29741879
P02787,158,1676,Hex:6 HexNAc:4 NeuAc:1,,Asn,29741879
P02787,158,1133,Hex:5 HexNAc:5 NeuAc:1,,Asn,29741879
P02787,158,8488,Hex:5 HexNAc:6 dHex:1,,Asn,29741879
P02787,158,8467,Hex:6 HexNAc:6,,Asn,29741879
P02787,158,1021,Hex:5 HexNAc:4 NeuAc:2,,Asn,29741879
P02787,158,2936,Hex:5 HexNAc:4 dHex:2 NeuAc:1,,Asn,29741879
P02787,158,643,Hex:6 HexNAc:4 dHex:1 NeuAc:1,,Asn,29741879
P02787,158,736,Hex:6 HexNAc:5 NeuAc:1,,Asn,29741879
P02787,158,1163,Hex:12 HexNAc:2,,Asn,29741879
P02787,158,219,Hex:5 HexNAc:4 dHex:1 NeuAc:2,,Asn,29741879
P02787,158,623,Hex:5 HexNAc:5 dHex:1 NeuAc:2,,Asn,29741879
P02787,158,857,Hex:6 HexNAc:5 NeuAc:2,,Asn,29741879
P02787,158,308,Hex:6 HexNAc:5 NeuAc:3,,Asn,29741879
P02787,158,8549,Hex:4 HexNAc:9,,Asn,29741879
P02787,432,2011,Hex:4 HexNAc:4,,Asn,19838169
P02787,432,1478,Hex:5 HexNAc:4,,Asn,29741879
P02787,432,1478,Hex:5 HexNAc:4,,Asn,29741879
P02787,432,1478,Hex:5 HexNAc:4,,Asn,29741879
P02787,432,1478,Hex:5 HexNAc:4,,Asn,29741879
P02787,432,3471,Hex:5 HexNAc:4,G22140GZ,Asn,19838169
P02787,432,1478,Hex:5 HexNAc:4,,Asn,29671580
P02787,432,1392,Hex:4 HexNAc:4 NeuAc:1,,Asn,29741879
P02787,432,1392,Hex:4 HexNAc:4 NeuAc:1,,Asn,29741879
P02787,432,1392,Hex:4 HexNAc:4 NeuAc:1,,Asn,29741879
P02787,432,1524,Hex:4 HexNAc:4 dHex:2,,Asn,29741879
P02787,432,1524,Hex:4 HexNAc:4 dHex:2,,Asn,29741879
P02787,432,1524,Hex:4 HexNAc:4 dHex:2,,Asn,29741879
P02787,432,3454,Hex:4 HexNAc:4 dHex:1 NeuAc:1,,Asn,29741879
P02787,432,8508,Hex:3 HexNAc:7,,Asn,29741879
P02787,432,614,Hex:5 HexNAc:4 NeuAc:1,,Asn,29741879
P02787,432,614,Hex:5 HexNAc:4 NeuAc:1,,Asn,29741879
P02787,432,614,Hex:5 HexNAc:4 NeuAc:1,,Asn,29741879
P02787,432,614,Hex:5 HexNAc:4 NeuAc:1,,Asn,30237853
P02787,432,614,Hex:5 HexNAc:4 NeuAc:1,,Asn,29671580
P02787,432,614,Hex:5 HexNAc:4 NeuAc:1,,Asn,29741879
P02787,432,589,Hex:6 HexNAc:4 dHex:1,,Asn,30237853
P02787,432,589,Hex:6 HexNAc:4 dHex:1,,Asn,29741879
P02787,432,399,Hex:6 HexNAc:5,,Asn,29741879
P02787,432,399,Hex:6 HexNAc:5,,Asn,29741879
P02787,432,399,Hex:6 HexNAc:5,,Asn,29741879
P02787,432,644,Hex:6 HexNAc:5,G36131WL,Asn,19838169
P02787,432,399,Hex:6 HexNAc:5,,Asn,29741879
P02787,432,8492,Hex:4 HexNAc:6 dHex:1,,Asn,29741879
P02787,432,8492,Hex:4 HexNAc:6 dHex:1,,Asn,29741879
P02787,432,8492,Hex:4 HexNAc:6 dHex:1,,Asn,29741879
P02787,432,8529,Hex:4 HexNAc:4 dHex:2 NeuAc:1,,Asn,29741879
P02787,432,1063,Hex:5 HexNAc:4 dHex:1 NeuAc:1,,Asn,29741879
P02787,432,1063,Hex:5 HexNAc:4 dHex:1 NeuAc:1,,Asn,29741879
P02787,432,1063,Hex:5 HexNAc:4 dHex:1 NeuAc:1,,Asn,29741879
P02787,432,1063,Hex:5 HexNAc:4 dHex:1 NeuAc:1,,Asn,29741879
P02787,432,1676,Hex:6 HexNAc:4 NeuAc:1,,Asn,29741879
P02787,432,1676,Hex:6 HexNAc:4 NeuAc:1,,Asn,29741879
P02787,432,1676,Hex:6 HexNAc:4 NeuAc:1,,Asn,29741879
P02787,432,1676,Hex:6 HexNAc:4 NeuAc:1,,Asn,29741879
P02787,432,735,Hex:6 HexNAc:4 dHex:2,,Asn,29741879
P02787,432,1133,Hex:5 HexNAc:5 NeuAc:1,,Asn,29741879
P02787,432,1133,Hex:5 HexNAc:5 NeuAc:1,,Asn,29741879
P02787,432,1133,Hex:5 HexNAc:5 NeuAc:1,,Asn,29741879
P02787,432,8502,Hex:3 HexNAc:6 dHex:1 NeuAc:1,,Asn,30237853
P02787,432,8489,Hex:4 HexNAc:6 dHex:2,,Asn,29741879
P02787,432,8488,Hex:5 HexNAc:6 dHex:1,,Asn,29741879
P02787,432,8488,Hex:5 HexNAc:6 dHex:1,,Asn,29741879
P02787,432,8488,Hex:5 HexNAc:6 dHex:1,,Asn,29741879
P02787,432,8488,Hex:5 HexNAc:6 dHex:1,,Asn,29741879
P02787,432,8467,Hex:6 HexNAc:6,,Asn,29741879
P02787,432,8467,Hex:6 HexNAc:6,,Asn,29741879
P02787,432,8467,Hex:6 HexNAc:6,,Asn,29741879
P02787,432,1021,Hex:5 HexNAc:4 NeuAc:2,,Asn,29741879
P02787,432,1021,Hex:5 HexNAc:4 NeuAc:2,,Asn,29741879
P02787,432,1378,Hex:5 HexNAc:4 NeuAc:2,G84467IZ,Asn,1456441
P02787,432,1021,Hex:5 HexNAc:4 NeuAc:2,,Asn,30237853
P02787,432,1021,Hex:5 HexNAc:4 NeuAc:2,,Asn,29671580
P02787,432,1021,Hex:5 HexNAc:4 NeuAc:2,,Asn,29741879
P02787,432,1021,Hex:5 HexNAc:4 NeuAc:2,,Asn,29741879
P02787,432,2936,Hex:5 HexNAc:4 dHex:2 NeuAc:1,,Asn,29741879
P02787,432,2936,Hex:5 HexNAc:4 dHex:2 NeuAc:1,,Asn,29741879
P02787,432,2936,Hex:5 HexNAc:4 dHex:2 NeuAc:1,,Asn,29741879
P02787,432,2936,Hex:5 HexNAc:4 dHex:2 NeuAc:1,,Asn,29741879
P02787,432,2936,Hex:5 HexNAc:4 dHex:2 NeuAc:1,,Asn,30237853
P02787,432,8595,Hex:5 HexNAc:4 NeuAc:1 NeuGc:1,,Asn,30237853
P02787,432,643,Hex:6 HexNAc:4 dHex:1 NeuAc:1,,Asn,30237853
P02787,432,643,Hex:6 HexNAc:4 dHex:1 NeuAc:1,,Asn,29741879
P02787,432,643,Hex:6 HexNAc:4 dHex:1 NeuAc:1,,Asn,29741879
P02787,432,643,Hex:6 HexNAc:4 dHex:1 NeuAc:1,,Asn,29741879
P02787,432,643,Hex:6 HexNAc:4 dHex:1 NeuAc:1,,Asn,29741879
P02787,432,8511,Hex:4 HexNAc:5 dHex:2 NeuAc:1,,Asn,29741879
P02787,432,736,Hex:6 HexNAc:5 NeuAc:1,,Asn,29741879
P02787,432,736,Hex:6 HexNAc:5 NeuAc:1,,Asn,29741879
P02787,432,736,Hex:6 HexNAc:5 NeuAc:1,,Asn,29741879
P02787,432,736,Hex:6 HexNAc:5 NeuAc:1,,Asn,29671580
P02787,432,736,Hex:6 HexNAc:5 NeuAc:1,,Asn,29741879
P02787,432,1163,Hex:12 HexNAc:2,,Asn,29741879
P02787,432,1163,Hex:12 HexNAc:2,,Asn,29741879
P02787,432,1163,Hex:12 HexNAc:2,,Asn,29741879
P02787,432,1163,Hex:12 HexNAc:2,,Asn,29741879
P02787,432,219,Hex:5 HexNAc:4 dHex:1 NeuAc:2,,Asn,29741879
P02787,432,219,Hex:5 HexNAc:4 dHex:1 NeuAc:2,,Asn,29741879
P02787,432,219,Hex:5 HexNAc:4 dHex:1 NeuAc:2,,Asn,29671580
P02787,432,219,Hex:5 HexNAc:4 dHex:1 NeuAc:2,,Asn,29741879
P02787,432,8526,Hex:3 HexNAc:6 dHex:1 NeuAc:2,,Asn,30237853
P02787,432,623,Hex:5 HexNAc:5 dHex:1 NeuAc:2,,Asn,29741879
P02787,432,623,Hex:5 HexNAc:5 dHex:1 NeuAc:2,,Asn,29741879
P02787,432,623,Hex:5 HexNAc:5 dHex:1 NeuAc:2,,Asn,29741879
P02787,432,857,Hex:6 HexNAc:5 NeuAc:2,,Asn,29741879
P02787,432,857,Hex:6 HexNAc:5 NeuAc:2,,Asn,29741879
P02787,432,857,Hex:6 HexNAc:5 NeuAc:2,,Asn,29741879
P02787,432,857,Hex:6 HexNAc:5 NeuAc:2,,Asn,29671580
P02787,432,857,Hex:6 HexNAc:5 NeuAc:2,,Asn,29741879
P02787,432,2610,Hex:6 HexNAc:5 dHex:1 NeuAc:2,,Asn,29741879
P02787,432,1482,Hex:6 HexNAc:5 NeuAc:3,G17168RO,Asn,1456441
P02787,432,1934,Hex:6 HexNAc:5 NeuAc:3,G89877QI,Asn,1456441
P02787,432,308,Hex:6 HexNAc:5 NeuAc:3,,Asn,29741879
P02787,432,308,Hex:6 HexNAc:5 NeuAc:3,,Asn,29741879
P02787,432,308,Hex:6 HexNAc:5 NeuAc:3,,Asn,29741879
P02787,432,308,Hex:6 HexNAc:5 NeuAc:3,,Asn,29741879
P02787,432,308,Hex:6 HexNAc:5 NeuAc:3,,Asn,29671580
P02787,432,8549,Hex:4 HexNAc:9,,Asn,29741879
P02787,432,8549,Hex:4 HexNAc:9,,Asn,29741879
P02787,432,8549,Hex:4 HexNAc:9,,Asn,29741879
P02787,432,8656,Hex:4 HexNAc:5 NeuAc:1 NeuGc:1,,Asn,30237853
P02787,523,1021,Hex:5 HexNAc:4 NeuAc:2,,Asn,29391424
P02787,630,2011,Hex:4 HexNAc:4,,Asn,19838169
P02787,630,3137,Hex:4 HexNAc:3 NeuAc:1,,Asn,29391424
P02787,630,1478,Hex:5 HexNAc:4,,Asn,29671580
P02787,630,3471,Hex:5 HexNAc:4,G22140GZ,Asn,19838169
P02787,630,1478,Hex:5 HexNAc:4,,Asn,29741879
P02787,630,3041,Hex:5 HexNAc:4 dHex:1,,Asn,19838169
P02787,630,3454,Hex:4 HexNAc:4 dHex:1 NeuAc:1,,Asn,30237853
P02787,630,614,Hex:5 HexNAc:4 NeuAc:1,,Asn,29391424
P02787,630,614,Hex:5 HexNAc:4 NeuAc:1,,Asn,30237853
P02787,630,614,Hex:5 HexNAc:4 NeuAc:1,,Asn,29671580
P02787,630,614,Hex:5 HexNAc:4 NeuAc:1,,Asn,29741879
P02787,630,589,Hex:6 HexNAc:4 dHex:1,,Asn,29741879
P02787,630,2644,Hex:5 HexNAc:5 dHex:1,,Asn,29741879
P02787,630,8529,Hex:4 HexNAc:4 dHex:2 NeuAc:1,,Asn,29741879
P02787,630,1063,Hex:5 HexNAc:4 dHex:1 NeuAc:1,,Asn,29741879
P02787,630,1063,Hex:5 HexNAc:4 dHex:1 NeuAc:1,,Asn,29671580
P02787,630,1676,Hex:6 HexNAc:4 NeuAc:1,,Asn,29741879
P02787,630,1378,Hex:5 HexNAc:4 NeuAc:2,G84467IZ,Asn,1456441
P02787,630,1021,Hex:5 HexNAc:4 NeuAc:2,,Asn,29671580
P02787,630,1021,Hex:5 HexNAc:4 NeuAc:2,,Asn,29391424
P02787,630,1021,Hex:5 HexNAc:4 NeuAc:2,,Asn,29741879
P02787,630,1021,Hex:5 HexNAc:4 NeuAc:2,,Asn,30237853
P02787,630,2936,Hex:5 HexNAc:4 dHex:2 NeuAc:1,,Asn,29741879
P02787,630,2936,Hex:5 HexNAc:4 dHex:2 NeuAc:1,,Asn,30237853
P02787,630,643,Hex:6 HexNAc:4 dHex:1 NeuAc:1,,Asn,29741879
P02787,630,643,Hex:6 HexNAc:4 dHex:1 NeuAc:1,,Asn,30237853
P02787,630,8511,Hex:4 HexNAc:5 dHex:2 NeuAc:1,,Asn,29741879
P02787,630,736,Hex:6 HexNAc:5 NeuAc:1,,Asn,29741879
P02787,630,1163,Hex:12 HexNAc:2,,Asn,29741879
P02787,630,219,Hex:5 HexNAc:4 dHex:1 NeuAc:2,,Asn,29671580
P02787,630,219,Hex:5 HexNAc:4 dHex:1 NeuAc:2,,Asn,30237853
P02787,630,900,Hex:6 HexNAc:4 NeuAc:2,,Asn,29391424
P02787,630,8526,Hex:3 HexNAc:6 dHex:1 NeuAc:2,,Asn,30237853
P02787,630,857,Hex:6 HexNAc:5 NeuAc:2,,Asn,29741879
P02787,630,857,Hex:6 HexNAc:5 NeuAc:2,,Asn,29391424
P02787,630,857,Hex:6 HexNAc:5 NeuAc:2,,Asn,29671580
P02787,630,2610,Hex:6 HexNAc:5 dHex:1 NeuAc:2,,Asn,29741879
P02787,630,2610,Hex:6 HexNAc:5 dHex:1 NeuAc:2,,Asn,29671580
P02787,630,308,Hex:6 HexNAc:5 NeuAc:3,,Asn,29741879
P02787,630,308,Hex:6 HexNAc:5 NeuAc:3,,Asn,29671580
P02787,630,308,Hex:6 HexNAc:5 NeuAc:3,,Asn,29391424
P02787,630,1934,Hex:6 HexNAc:5 NeuAc:3,G89877QI,Asn,1456441
P02787,630,1482,Hex:6 HexNAc:5 NeuAc:3,G17168RO,Asn,1456441
P02787,630,94,Hex:6 HexNAc:5 dHex:1 NeuAc:3,,Asn,29741879
P02787,630,94,Hex:6 HexNAc:5 dHex:1 NeuAc:3,,Asn,29671580
