HIV Gene region,Wildtype,Position (WHO Paper ),Position (UniProt) ,Position (RefSeq),Position (Genbank),DRM Mutation,Class
RT,M,41,41,628,105,L,NRTI
RT,A,62,62,649,126,V,NRTI
RT,NONE,69,69,656,133,INSERT,NRTI
RT,K,70,70,657,134,R,NRTI
RT,L,210,210,797,274,W,NRTI
RT,T,215,215,802,279,Y,NRTI
RT,T,215,215,802,279,F,NRTI
RT,K,219,219,806,283,Q,NRTI
RT,K,219,219,806,283,E,NRTI
RT,A,62,62,711,188,V,NRTI
RT,V,75,75,662,139,I,NRTI
RT,F,77,77,664,141,L,NRTI
RT,F,116,116,703,180,Y,NRTI
RT,Q,151,151,738,215,M,NRTI
RT,D,67,67,654,131,N,NRTI
RT,K,65,65,652,129,R,NRTI
RT,K,65,65,652,129,E,NRTI
RT,K,65,65,652,129,N,NRTI
RT,L,74,74,661,138,V,NRTI
RT,Y,115,115,702,179,F,NRTI
RT,M,184,184,771,248,V,NRTI
RT,M,184,184,771,248,I,NRTI
RT,K,70,70,657,134,E,NRTI
RT,D,67,67,654,131,N,NRTI
RT,V,106,106,693,170,A,NNRTI
RT,V,106,106,693,170,I,NNRTI
RT,V,106,106,693,170,M,NNRTI
RT,V,106,106,693,170,T,NNRTI
RT,Y,188,188,775,252,C,NNRTI
RT,Y,188,188,775,252,L,NNRTI
RT,Y,188,188,775,252,H,NNRTI
RT,G,190,190,777,254,E,NNRTI
RT,P,225,225,812,289,H,NNRTI
RT,F,227,227,814,291,C,NNRTI
RT,F,227,227,814,292,L,NNRTI
RT,F,227,227,814,291,R,NNRTI
RT,M,230,230,817,294,L,NNRTI
RT,L,234,234,821,298,I,NNRTI
RT,L,100,100,687,164,I,NNRTI
RT,K,101,101,688,165,P,NNRTI
RT,K,103,103,690,167,N,NNRTI
RT,K,103,103,690,167,S,NNRTI
RT,V,108,108,695,172,I,NNRTI
RT,Y,181,181,768,245,C,NNRTI
RT,Y,181,181,768,245,I,NNRTI
RT,G,190,190,777,254,S,NNRTI
RT,G,190,190,777,254,A,NNRTI
RT,V,90,90,677,154,I,NNRTI
RT,A,98,98,685,162,G,NNRTI
RT,L,100,100,687,164,I,NNRTI
RT,K,101,101,688,165,E,NNRTI
RT,K,101,101,688,165,H,NNRTI
RT,K,101,101,688,165,P,NNRTI
RT,E,138,138,725,202,A,NNRTI
RT,E,138,138,725,202,G,NNRTI
RT,E,138,138,725,202,K,NNRTI
RT,E,138,138,725,202,Q,NNRTI
RT,V,179,179,766,243,D,NNRTI
RT,V,179,179,766,243,F,NNRTI
RT,V,179,179,766,243,T,NNRTI
RT,Y,181,181,768,245,V,NNRTI
RT,E,138,138,725,202,R,NNRTI
RT,V,179,179,766,243,L,NNRTI
RT,H,221,221,808,285,Y,NNRTI
RT,M,230,230,817,294,I,NNRTI
PR,L,10,10,498,Unavailable,I,PI
PR,L,10,10,498,Unavailable,F,PI
PR,L,10,10,498,Unavailable,V,PI
PR,L,10,10,498,Unavailable,C,PI
PR,G,16,16,504,Unavailable,E,PI
PR,K,20,20,508,Unavailable,R,PI
PR,K,20,20,508,Unavailable,M,PI
PR,K,20,20,508,Unavailable,I,PI
PR,K,20,20,508,Unavailable,T,PI
PR,K,20,20,508,Unavailable,V,PI
PR,L,24,24,512,Unavailable,I,PI
PR,D,30,30,518,Unavailable,N,PI
PR,V,32,32,520,Unavailable,I,PI
PR,L,33,33,521,Unavailable,I,PI
PR,L,33,33,521,Unavailable,F,PI
PR,L,33,33,521,Unavailable,V,PI
PR,E,34,34,522,Unavailable,Q,PI
PR,M,36,36,524,1,I,PI
PR,M,36,36,524,1,L,PI
PR,M,36,36,524,1,V,PI
PR,M,46,46,534,11,I,PI
PR,M,46,46,534,11,L,PI
PR,G,48,48,536,13,V,PI
PR,I,50,50,538,15,L,PI
PR,F,53,53,541,18,L,PI
PR,F,53,53,541,18,Y,PI
PR,I,54,54,542,19,L,PI
PR,I,54,54,542,19,V,PI
PR,I,54,54,542,19,M,PI
PR,I,54,54,542,19,T,PI
PR,I,54,54,542,19,A,PI
PR,D,60,60,548,25,E,PI
PR,I,62,62,550,27,V,PI
PR,I,64,64,552,29,L,PI
PR,I,64,64,552,29,M,PI
PR,I,64,64,552,29,V,PI
PR,A,71,71,559,36,V,PI
PR,A,71,71,559,36,I,PI
PR,A,71,71,559,36,T,PI
PR,A,71,71,559,36,L,PI
PR,G,73,73,561,38,C,PI
PR,G,73,73,561,38,S,PI
PR,G,73,73,561,38,T,PI
PR,G,73,73,561,38,A,PI
PR,V,77,77,565,42,I,PI
PR,V,82,82,570,47,A,PI
PR,V,82,82,570,47,T,PI
PR,V,82,82,570,47,F,PI
PR,V,82,82,570,47,I,PI
PR,I,84,84,572,49,V,PI
PR,I,85,85,573,50,V,PI
PR,N,88,88,576,53,D,PI
PR,N,88,88,576,53,S,PI
PR,L,90,90,578,55,M,PI
PR,I,93,93,581,58,L,PI
PR,I,93,93,581,58,M,PI
PR,V,11,11,499,-24,I,PI
PR,I,47,47,535,12,V,PI
PR,I,50,50,538,15,V,PI
PR,T,74,74,562,39,P,PI
PR,L,76,76,564,41,V,PI
PR,L,89,89,577,54,V,PI
PR,L,10,10,498,-25,R,PI
PR,I,47,47,535,12,V,PI
PR,I,47,47,535,12,A,PI
PR,I,54,54,542,19,S,PI
PR,L,63,63,551,28,P,PI
PR,I,76,76,564,41,V,PI
PR,V,82,82,570,47,S,PI
PR,K,43,43,531,8,T,PI
PR,Q,58,58,557,34,E,PI
PR,H,69,69,557,34,K,PI
PR,H,69,69,557,34,R,PI
PR,T,74,74,562,39,P,PI
PR,V,82,82,570,47,L,PI
PR,N,83,83,571,48,D,PI
PR,L,89,89,577,54,I,PI
PR,L,89,89,577,54,M,PI
PR,L,89,89,577,54,V,PI
INT,G,118,118,1265,742,R,INSTI
INT,E,138,138,1285,762,K,INSTI
INT,G,140,140,1287,764,S,INSTI
INT,Q,148,148,1295,772,H,INSTI
INT,R,263,263,1410,887,K,INSTI
INT,T,66,66,1213,690,K,INSTI
INT,E,138,138,1285,762,A,INSTI
INT,E,138,138,1285,762,T,INSTI
INT,G,140,140,1287,764,A,INSTI
INT,G,140,140,1287,764,C,INSTI
INT,G,140,140,1287,764,R,INSTI
INT,G,140,140,1287,764,S,INSTI
INT,Q,148,148,1295,772,H,INSTI
INT,Q,148,148,1295,772,K,INSTI
INT,Q,148,148,1295,772,R,INSTI
INT,S,153,153,1300,777,F,INSTI
INT,S,153,153,1300,777,Y,INSTI
INT,N,155,155,1302,779,H,INSTI
INT,F,121,121,1268,745,Y,INSTI
INT,T,66,66,1213,690,I,INSTI
INT,T,66,66,1213,690,A,INSTI
INT,T,66,66,1213,690,K,INSTI
INT,E,92,92,1239,716,Q,INSTI
INT,E,92,92,1239,716,G,INSTI
INT,T,97,97,1244,721,A,INSTI
INT,S,147,147,1294,771,G,INSTI
INT,L,74,74,1221,698,M,INSTI
INT,Y,143,143,1290,767,R,INSTI
INT,Y,143,143,1290,767,H,INSTI
INT,Y,143,143,1290,767,C,INSTI
